{
            "Comment": "CREATE/DELETE/UPSERT a record ",
            "Changes": [{
            "Action": "CREATE",

                        "ResourceRecordSet": {
                                    "Name": "thisisatest.com",
                                    "Type": "A",
                                    "TTL": 300,
                                      "ResourceRecords" : [
                                                { "Value" : "1.1.1.1"}
                                                        ]
                                              }


                        }]
}


