{
            "Comment": "CREATE/DELETE/UPSERT a record ",
            "Changes": [{
            "Action": "CREATE",


                        "ResourceRecordSet": {
                                    "Name": "www.thisisatest.com",
                                    "Type": "CNAME",
                                    "TTL": 300,
                                      "ResourceRecords" : [
                                                { "Value" : "thisisatest.com"}
                                                        ]
                                              } 




                        }]
}


