{
            "Comment": "CREATE/DELETE/UPSERT a record ",
            "Changes": [{
            "Action": "CREATE",


                        "ResourceRecordSet": {
                                    "Name": "mail.thisisatest.com",
                                    "Type": "MX",
                                    "TTL": 300,
                                      "ResourceRecords" : [
                                                { "Value" : "10 1.1.1.1"}
                                                        ]
                                              }


                        }]
}


