{
            "Comment": "CREATE/DELETE/UPSERT a record ",
            "Changes": [{
            "Action": "CREATE",
		"ResourceRecordSet": {
                                    "Name": "thisisatest.in",
                                    "Type": "A",
                                    "TTL": 300,
                                      "ResourceRecords" : [{ "Value" : "1.1.1.1"}]
					      }},
		{
			 "Action": "CREATE",
			"ResourceRecordSet": {
                                    "Name": "mail.thisisatest.in",
                                    "Type": "MX",
                                    "TTL": 300,
                                      "ResourceRecords" : [
                                                { "Value" : "10 1.1.1.1"}
                                                        ]
                 			}},

		{
			 "Action": "CREATE",
			"ResourceRecordSet": {
                                    "Name": "www.thisisatest.in",
                                    "Type": "CNAME",
                                    "TTL": 300,
                                      "ResourceRecords" : [
                                                { "Value" : "thisisatest.in"}
                                                        ]
                 				}},                 




		{

			  "Action": "UPSERT",
                        "ResourceRecordSet": {
                                    "Name": "thisisatest.in",
                                    "Type": "NS",
                                    "TTL": 300,
                                      "ResourceRecords" : [
                                                { "Value" : "ns1.uswhss.org"},
                                                { "Value" : "ns2.uswhss.com"},
                                                { "Value" : "ns3.uswhss.co.uk"},
                                                { "Value" : "ns4.uswhss.net"}
                                                        ]
        					}},
	
		{

                  "Action": "UPSERT",
	           "ResourceRecordSet": {
                                    "Name": "thisisatest.in",
                                    "Type": "SOA",
                                    "TTL": 300,
                                      "ResourceRecords" : [
                                                { "Value" : "ns1.uswhss.org. awsdns-hostmaster.thisisatest.in. 1 7200 900 1209600 86400"}
                                                        ]
        					}}

	]
}
