{
            "Comment": "CREATE/DELETE/UPSERT a record ",
            "Changes": [{
            "Action": "UPSERT",


           "ResourceRecordSet": {
                                    "Name": "thisisatest.com",
                                    "Type": "SOA",
                                    "TTL": 300,
                                      "ResourceRecords" : [
                                                { "Value" : "ns1.uswhss.org. awsdns-hostmaster.thisisatest.com. 1 7200 900 1209600 86400"}
                                                        ]
                                              }
                        }]
}

